Bet,betsite,dates,odds,fighter1,fighter2,class,url
Gilbert Yvel,5Dimes,1245941171000,-105,Gilbert Yvel,Pedro Rizzo,even,https://www.bestfightodds.com/search?query=UFC%2056%3A%20Full%20Force
Gilbert Yvel,5Dimes,1245958287000,-110,Gilbert Yvel,Pedro Rizzo,even,https://www.bestfightodds.com/search?query=UFC%2056%3A%20Full%20Force
Gilbert Yvel,5Dimes,1245987278000,-130,Gilbert Yvel,Pedro Rizzo,even,https://www.bestfightodds.com/search?query=UFC%2056%3A%20Full%20Force
Gilbert Yvel,5Dimes,1246097737000,-140,Gilbert Yvel,Pedro Rizzo,even,https://www.bestfightodds.com/search?query=UFC%2056%3A%20Full%20Force
Gilbert Yvel,5Dimes,1246138299000,-150,Gilbert Yvel,Pedro Rizzo,even,https://www.bestfightodds.com/search?query=UFC%2056%3A%20Full%20Force
Gilbert Yvel,5Dimes,1246143690000,-160,Gilbert Yvel,Pedro Rizzo,even,https://www.bestfightodds.com/search?query=UFC%2056%3A%20Full%20Force
Gilbert Yvel,BookMaker,1245796304000,+135,Gilbert Yvel,Pedro Rizzo,even,https://www.bestfightodds.com/search?query=UFC%2056%3A%20Full%20Force
Gilbert Yvel,BookMaker,1245798114000,+120,Gilbert Yvel,Pedro Rizzo,even,https://www.bestfightodds.com/search?query=UFC%2056%3A%20Full%20Force
Gilbert Yvel,BookMaker,1245799125000,+115,Gilbert Yvel,Pedro Rizzo,even,https://www.bestfightodds.com/search?query=UFC%2056%3A%20Full%20Force
Gilbert Yvel,BookMaker,1245826834000,+100,Gilbert Yvel,Pedro Rizzo,even,https://www.bestfightodds.com/search?query=UFC%2056%3A%20Full%20Force
Gilbert Yvel,BookMaker,1245973563000,-120,Gilbert Yvel,Pedro Rizzo,even,https://www.bestfightodds.com/search?query=UFC%2056%3A%20Full%20Force
Gilbert Yvel,BookMaker,1246118472000,-130,Gilbert Yvel,Pedro Rizzo,even,https://www.bestfightodds.com/search?query=UFC%2056%3A%20Full%20Force
Gilbert Yvel,BookMaker,1246138303000,-150,Gilbert Yvel,Pedro Rizzo,even,https://www.bestfightodds.com/search?query=UFC%2056%3A%20Full%20Force
Gilbert Yvel,Bovada,1245960987000,-115,Gilbert Yvel,Pedro Rizzo,even,https://www.bestfightodds.com/search?query=UFC%2056%3A%20Full%20Force
Gilbert Yvel,Bovada,1245973560000,-125,Gilbert Yvel,Pedro Rizzo,even,https://www.bestfightodds.com/search?query=UFC%2056%3A%20Full%20Force
Gilbert Yvel,Bovada,1245979851000,-140,Gilbert Yvel,Pedro Rizzo,even,https://www.bestfightodds.com/search?query=UFC%2056%3A%20Full%20Force
Gilbert Yvel,Bovada,1246019657000,-135,Gilbert Yvel,Pedro Rizzo,even,https://www.bestfightodds.com/search?query=UFC%2056%3A%20Full%20Force
Gilbert Yvel,Bovada,1246052827000,-150,Gilbert Yvel,Pedro Rizzo,even,https://www.bestfightodds.com/search?query=UFC%2056%3A%20Full%20Force
Gilbert Yvel,Bovada,1246054604000,-155,Gilbert Yvel,Pedro Rizzo,even,https://www.bestfightodds.com/search?query=UFC%2056%3A%20Full%20Force
Gilbert Yvel,Bovada,1246108661000,-150,Gilbert Yvel,Pedro Rizzo,even,https://www.bestfightodds.com/search?query=UFC%2056%3A%20Full%20Force
Gilbert Yvel,Bovada,1246122067000,-145,Gilbert Yvel,Pedro Rizzo,even,https://www.bestfightodds.com/search?query=UFC%2056%3A%20Full%20Force
Gilbert Yvel,Bovada,1246123904000,-155,Gilbert Yvel,Pedro Rizzo,even,https://www.bestfightodds.com/search?query=UFC%2056%3A%20Full%20Force
Gilbert Yvel,Bovada,1246140081000,-165,Gilbert Yvel,Pedro Rizzo,even,https://www.bestfightodds.com/search?query=UFC%2056%3A%20Full%20Force
Gilbert Yvel,Bovada,1246145456000,-170,Gilbert Yvel,Pedro Rizzo,even,https://www.bestfightodds.com/search?query=UFC%2056%3A%20Full%20Force
Gilbert Yvel,Bovada,1246147269000,-180,Gilbert Yvel,Pedro Rizzo,even,https://www.bestfightodds.com/search?query=UFC%2056%3A%20Full%20Force
Gilbert Yvel,Sportsbook,1245889918000,-115,Gilbert Yvel,Pedro Rizzo,even,https://www.bestfightodds.com/search?query=UFC%2056%3A%20Full%20Force
Gilbert Yvel,Sportsbook,1245976252000,-130,Gilbert Yvel,Pedro Rizzo,even,https://www.bestfightodds.com/search?query=UFC%2056%3A%20Full%20Force
Gilbert Yvel,Sportsbook,1245983695000,-135,Gilbert Yvel,Pedro Rizzo,even,https://www.bestfightodds.com/search?query=UFC%2056%3A%20Full%20Force
Gilbert Yvel,Sportsbook,1246056432000,-150,Gilbert Yvel,Pedro Rizzo,even,https://www.bestfightodds.com/search?query=UFC%2056%3A%20Full%20Force
Gilbert Yvel,SportsInt.,1246040162000,-115,Gilbert Yvel,Pedro Rizzo,even,https://www.bestfightodds.com/search?query=UFC%2056%3A%20Full%20Force
Gilbert Yvel,SportsInt.,1246041240000,-118,Gilbert Yvel,Pedro Rizzo,even,https://www.bestfightodds.com/search?query=UFC%2056%3A%20Full%20Force
Gilbert Yvel,SportsInt.,1246089881000,-109,Gilbert Yvel,Pedro Rizzo,even,https://www.bestfightodds.com/search?query=UFC%2056%3A%20Full%20Force
Gilbert Yvel,SportsInt.,1246092366000,-130,Gilbert Yvel,Pedro Rizzo,even,https://www.bestfightodds.com/search?query=UFC%2056%3A%20Full%20Force
Pedro Rizzo,5Dimes,1245941171000,-125,Gilbert Yvel,Pedro Rizzo,odd,https://www.bestfightodds.com/search?query=UFC%2056%3A%20Full%20Force
Pedro Rizzo,5Dimes,1245958287000,-120,Gilbert Yvel,Pedro Rizzo,odd,https://www.bestfightodds.com/search?query=UFC%2056%3A%20Full%20Force
Pedro Rizzo,5Dimes,1245987278000,+100,Gilbert Yvel,Pedro Rizzo,odd,https://www.bestfightodds.com/search?query=UFC%2056%3A%20Full%20Force
Pedro Rizzo,5Dimes,1246097737000,+110,Gilbert Yvel,Pedro Rizzo,odd,https://www.bestfightodds.com/search?query=UFC%2056%3A%20Full%20Force
Pedro Rizzo,5Dimes,1246138299000,+120,Gilbert Yvel,Pedro Rizzo,odd,https://www.bestfightodds.com/search?query=UFC%2056%3A%20Full%20Force
Pedro Rizzo,5Dimes,1246143690000,+130,Gilbert Yvel,Pedro Rizzo,odd,https://www.bestfightodds.com/search?query=UFC%2056%3A%20Full%20Force
Pedro Rizzo,BookMaker,1245796304000,-165,Gilbert Yvel,Pedro Rizzo,odd,https://www.bestfightodds.com/search?query=UFC%2056%3A%20Full%20Force
Pedro Rizzo,BookMaker,1245798114000,-150,Gilbert Yvel,Pedro Rizzo,odd,https://www.bestfightodds.com/search?query=UFC%2056%3A%20Full%20Force
Pedro Rizzo,BookMaker,1245799125000,-145,Gilbert Yvel,Pedro Rizzo,odd,https://www.bestfightodds.com/search?query=UFC%2056%3A%20Full%20Force
Pedro Rizzo,BookMaker,1245826834000,-130,Gilbert Yvel,Pedro Rizzo,odd,https://www.bestfightodds.com/search?query=UFC%2056%3A%20Full%20Force
Pedro Rizzo,BookMaker,1245973563000,-110,Gilbert Yvel,Pedro Rizzo,odd,https://www.bestfightodds.com/search?query=UFC%2056%3A%20Full%20Force
Pedro Rizzo,BookMaker,1246118472000,+100,Gilbert Yvel,Pedro Rizzo,odd,https://www.bestfightodds.com/search?query=UFC%2056%3A%20Full%20Force
Pedro Rizzo,BookMaker,1246138303000,+120,Gilbert Yvel,Pedro Rizzo,odd,https://www.bestfightodds.com/search?query=UFC%2056%3A%20Full%20Force
Pedro Rizzo,Bovada,1245960987000,-115,Gilbert Yvel,Pedro Rizzo,odd,https://www.bestfightodds.com/search?query=UFC%2056%3A%20Full%20Force
Pedro Rizzo,Bovada,1245973560000,-105,Gilbert Yvel,Pedro Rizzo,odd,https://www.bestfightodds.com/search?query=UFC%2056%3A%20Full%20Force
Pedro Rizzo,Bovada,1245979851000,+110,Gilbert Yvel,Pedro Rizzo,odd,https://www.bestfightodds.com/search?query=UFC%2056%3A%20Full%20Force
Pedro Rizzo,Bovada,1246019657000,+105,Gilbert Yvel,Pedro Rizzo,odd,https://www.bestfightodds.com/search?query=UFC%2056%3A%20Full%20Force
Pedro Rizzo,Bovada,1246052827000,+120,Gilbert Yvel,Pedro Rizzo,odd,https://www.bestfightodds.com/search?query=UFC%2056%3A%20Full%20Force
Pedro Rizzo,Bovada,1246054604000,+125,Gilbert Yvel,Pedro Rizzo,odd,https://www.bestfightodds.com/search?query=UFC%2056%3A%20Full%20Force
Pedro Rizzo,Bovada,1246108661000,+120,Gilbert Yvel,Pedro Rizzo,odd,https://www.bestfightodds.com/search?query=UFC%2056%3A%20Full%20Force
Pedro Rizzo,Bovada,1246122067000,+115,Gilbert Yvel,Pedro Rizzo,odd,https://www.bestfightodds.com/search?query=UFC%2056%3A%20Full%20Force
Pedro Rizzo,Bovada,1246123904000,+125,Gilbert Yvel,Pedro Rizzo,odd,https://www.bestfightodds.com/search?query=UFC%2056%3A%20Full%20Force
Pedro Rizzo,Bovada,1246140081000,+135,Gilbert Yvel,Pedro Rizzo,odd,https://www.bestfightodds.com/search?query=UFC%2056%3A%20Full%20Force
Pedro Rizzo,Bovada,1246145456000,+140,Gilbert Yvel,Pedro Rizzo,odd,https://www.bestfightodds.com/search?query=UFC%2056%3A%20Full%20Force
Pedro Rizzo,Bovada,1246147269000,+150,Gilbert Yvel,Pedro Rizzo,odd,https://www.bestfightodds.com/search?query=UFC%2056%3A%20Full%20Force
Pedro Rizzo,Sportsbook,1245889918000,-115,Gilbert Yvel,Pedro Rizzo,odd,https://www.bestfightodds.com/search?query=UFC%2056%3A%20Full%20Force
Pedro Rizzo,Sportsbook,1245976252000,+100,Gilbert Yvel,Pedro Rizzo,odd,https://www.bestfightodds.com/search?query=UFC%2056%3A%20Full%20Force
Pedro Rizzo,Sportsbook,1245983695000,+105,Gilbert Yvel,Pedro Rizzo,odd,https://www.bestfightodds.com/search?query=UFC%2056%3A%20Full%20Force
Pedro Rizzo,Sportsbook,1246056432000,+120,Gilbert Yvel,Pedro Rizzo,odd,https://www.bestfightodds.com/search?query=UFC%2056%3A%20Full%20Force
Pedro Rizzo,SportsInt.,1246040162000,-120,Gilbert Yvel,Pedro Rizzo,odd,https://www.bestfightodds.com/search?query=UFC%2056%3A%20Full%20Force
Pedro Rizzo,SportsInt.,1246041240000,-118,Gilbert Yvel,Pedro Rizzo,odd,https://www.bestfightodds.com/search?query=UFC%2056%3A%20Full%20Force
Pedro Rizzo,SportsInt.,1246089881000,-130,Gilbert Yvel,Pedro Rizzo,odd,https://www.bestfightodds.com/search?query=UFC%2056%3A%20Full%20Force
Pedro Rizzo,SportsInt.,1246092366000,-109,Gilbert Yvel,Pedro Rizzo,odd,https://www.bestfightodds.com/search?query=UFC%2056%3A%20Full%20Force
Bob Sapp,5Dimes,1245941171000,+425,Bob Sapp,Bobby Lashley,even,https://www.bestfightodds.com/search?query=UFC%2056%3A%20Full%20Force
Bob Sapp,5Dimes,1245958287000,+415,Bob Sapp,Bobby Lashley,even,https://www.bestfightodds.com/search?query=UFC%2056%3A%20Full%20Force
Bob Sapp,5Dimes,1246097737000,+400,Bob Sapp,Bobby Lashley,even,https://www.bestfightodds.com/search?query=UFC%2056%3A%20Full%20Force
Bob Sapp,5Dimes,1246145455000,+415,Bob Sapp,Bobby Lashley,even,https://www.bestfightodds.com/search?query=UFC%2056%3A%20Full%20Force
Bob Sapp,BookMaker,1245796304000,+400,Bob Sapp,Bobby Lashley,even,https://www.bestfightodds.com/search?query=UFC%2056%3A%20Full%20Force
Bob Sapp,BookMaker,1246094162000,+390,Bob Sapp,Bobby Lashley,even,https://www.bestfightodds.com/search?query=UFC%2056%3A%20Full%20Force
Bob Sapp,BookMaker,1246145458000,+425,Bob Sapp,Bobby Lashley,even,https://www.bestfightodds.com/search?query=UFC%2056%3A%20Full%20Force
Bob Sapp,BookMaker,1246147271000,+450,Bob Sapp,Bobby Lashley,even,https://www.bestfightodds.com/search?query=UFC%2056%3A%20Full%20Force
Bob Sapp,Bovada,1245960987000,+400,Bob Sapp,Bobby Lashley,even,https://www.bestfightodds.com/search?query=UFC%2056%3A%20Full%20Force
Bob Sapp,Bovada,1246058160000,+350,Bob Sapp,Bobby Lashley,even,https://www.bestfightodds.com/search?query=UFC%2056%3A%20Full%20Force
Bob Sapp,Bovada,1246061032000,+325,Bob Sapp,Bobby Lashley,even,https://www.bestfightodds.com/search?query=UFC%2056%3A%20Full%20Force
Bob Sapp,Bovada,1246145456000,+300,Bob Sapp,Bobby Lashley,even,https://www.bestfightodds.com/search?query=UFC%2056%3A%20Full%20Force
Bob Sapp,Sportsbook,1245889918000,+400,Bob Sapp,Bobby Lashley,even,https://www.bestfightodds.com/search?query=UFC%2056%3A%20Full%20Force
Bob Sapp,Sportsbook,1245972674000,+450,Bob Sapp,Bobby Lashley,even,https://www.bestfightodds.com/search?query=UFC%2056%3A%20Full%20Force
Bob Sapp,Sportsbook,1245983694000,+425,Bob Sapp,Bobby Lashley,even,https://www.bestfightodds.com/search?query=UFC%2056%3A%20Full%20Force
Bob Sapp,Sportsbook,1246045519000,+400,Bob Sapp,Bobby Lashley,even,https://www.bestfightodds.com/search?query=UFC%2056%3A%20Full%20Force
Bob Sapp,Sportsbook,1246059994000,+325,Bob Sapp,Bobby Lashley,even,https://www.bestfightodds.com/search?query=UFC%2056%3A%20Full%20Force
Bob Sapp,SportsInt.,1246040162000,+330,Bob Sapp,Bobby Lashley,even,https://www.bestfightodds.com/search?query=UFC%2056%3A%20Full%20Force
Bobby Lashley,5Dimes,1245941171000,-610,Bob Sapp,Bobby Lashley,odd,https://www.bestfightodds.com/search?query=UFC%2056%3A%20Full%20Force
Bobby Lashley,5Dimes,1245958287000,-580,Bob Sapp,Bobby Lashley,odd,https://www.bestfightodds.com/search?query=UFC%2056%3A%20Full%20Force
Bobby Lashley,5Dimes,1246097737000,-550,Bob Sapp,Bobby Lashley,odd,https://www.bestfightodds.com/search?query=UFC%2056%3A%20Full%20Force
Bobby Lashley,5Dimes,1246145455000,-580,Bob Sapp,Bobby Lashley,odd,https://www.bestfightodds.com/search?query=UFC%2056%3A%20Full%20Force
Bobby Lashley,BookMaker,1245796304000,-550,Bob Sapp,Bobby Lashley,odd,https://www.bestfightodds.com/search?query=UFC%2056%3A%20Full%20Force
Bobby Lashley,BookMaker,1246094162000,-540,Bob Sapp,Bobby Lashley,odd,https://www.bestfightodds.com/search?query=UFC%2056%3A%20Full%20Force
Bobby Lashley,BookMaker,1246145458000,-575,Bob Sapp,Bobby Lashley,odd,https://www.bestfightodds.com/search?query=UFC%2056%3A%20Full%20Force
Bobby Lashley,BookMaker,1246147271000,-600,Bob Sapp,Bobby Lashley,odd,https://www.bestfightodds.com/search?query=UFC%2056%3A%20Full%20Force
Bobby Lashley,Bovada,1245960987000,-600,Bob Sapp,Bobby Lashley,odd,https://www.bestfightodds.com/search?query=UFC%2056%3A%20Full%20Force
Bobby Lashley,Bovada,1246058160000,-550,Bob Sapp,Bobby Lashley,odd,https://www.bestfightodds.com/search?query=UFC%2056%3A%20Full%20Force
Bobby Lashley,Bovada,1246061032000,-525,Bob Sapp,Bobby Lashley,odd,https://www.bestfightodds.com/search?query=UFC%2056%3A%20Full%20Force
Bobby Lashley,Bovada,1246145456000,-500,Bob Sapp,Bobby Lashley,odd,https://www.bestfightodds.com/search?query=UFC%2056%3A%20Full%20Force
Bobby Lashley,Sportsbook,1245889918000,-600,Bob Sapp,Bobby Lashley,odd,https://www.bestfightodds.com/search?query=UFC%2056%3A%20Full%20Force
Bobby Lashley,Sportsbook,1245972674000,-650,Bob Sapp,Bobby Lashley,odd,https://www.bestfightodds.com/search?query=UFC%2056%3A%20Full%20Force
Bobby Lashley,Sportsbook,1245983694000,-625,Bob Sapp,Bobby Lashley,odd,https://www.bestfightodds.com/search?query=UFC%2056%3A%20Full%20Force
Bobby Lashley,Sportsbook,1246045519000,-600,Bob Sapp,Bobby Lashley,odd,https://www.bestfightodds.com/search?query=UFC%2056%3A%20Full%20Force
Bobby Lashley,Sportsbook,1246059994000,-525,Bob Sapp,Bobby Lashley,odd,https://www.bestfightodds.com/search?query=UFC%2056%3A%20Full%20Force
Bobby Lashley,SportsInt.,1246040162000,-556,Bob Sapp,Bobby Lashley,odd,https://www.bestfightodds.com/search?query=UFC%2056%3A%20Full%20Force
Brett Cooper,5Dimes,1245941171000,-435,Brett Cooper,Waachim Spiritwolf,even,https://www.bestfightodds.com/search?query=UFC%2056%3A%20Full%20Force
Brett Cooper,BookMaker,1245796304000,-355,Brett Cooper,Waachim Spiritwolf,even,https://www.bestfightodds.com/search?query=UFC%2056%3A%20Full%20Force
Brett Cooper,BookMaker,1245798114000,-370,Brett Cooper,Waachim Spiritwolf,even,https://www.bestfightodds.com/search?query=UFC%2056%3A%20Full%20Force
Brett Cooper,BookMaker,1245807045000,-400,Brett Cooper,Waachim Spiritwolf,even,https://www.bestfightodds.com/search?query=UFC%2056%3A%20Full%20Force
Brett Cooper,BookMaker,1246010695000,-410,Brett Cooper,Waachim Spiritwolf,even,https://www.bestfightodds.com/search?query=UFC%2056%3A%20Full%20Force
Brett Cooper,SportsInt.,1246040162000,-435,Brett Cooper,Waachim Spiritwolf,even,https://www.bestfightodds.com/search?query=UFC%2056%3A%20Full%20Force
Brett Cooper,SportsInt.,1246095980000,-455,Brett Cooper,Waachim Spiritwolf,even,https://www.bestfightodds.com/search?query=UFC%2056%3A%20Full%20Force
Waachim Spiritwolf,5Dimes,1245941171000,+325,Brett Cooper,Waachim Spiritwolf,odd,https://www.bestfightodds.com/search?query=UFC%2056%3A%20Full%20Force
Waachim Spiritwolf,BookMaker,1245796304000,+285,Brett Cooper,Waachim Spiritwolf,odd,https://www.bestfightodds.com/search?query=UFC%2056%3A%20Full%20Force
Waachim Spiritwolf,BookMaker,1245798114000,+300,Brett Cooper,Waachim Spiritwolf,odd,https://www.bestfightodds.com/search?query=UFC%2056%3A%20Full%20Force
Waachim Spiritwolf,BookMaker,1245807045000,+320,Brett Cooper,Waachim Spiritwolf,odd,https://www.bestfightodds.com/search?query=UFC%2056%3A%20Full%20Force
Waachim Spiritwolf,BookMaker,1246010695000,+330,Brett Cooper,Waachim Spiritwolf,odd,https://www.bestfightodds.com/search?query=UFC%2056%3A%20Full%20Force
Waachim Spiritwolf,SportsInt.,1246040162000,+275,Brett Cooper,Waachim Spiritwolf,odd,https://www.bestfightodds.com/search?query=UFC%2056%3A%20Full%20Force
Waachim Spiritwolf,SportsInt.,1246095980000,+275,Brett Cooper,Waachim Spiritwolf,odd,https://www.bestfightodds.com/search?query=UFC%2056%3A%20Full%20Force
Chris Horodecki,5Dimes,1245941171000,-735,Chris Horodecki,William Sriyapai,even,https://www.bestfightodds.com/search?query=UFC%2056%3A%20Full%20Force
Chris Horodecki,BookMaker,1245796304000,-550,Chris Horodecki,William Sriyapai,even,https://www.bestfightodds.com/search?query=UFC%2056%3A%20Full%20Force
Chris Horodecki,BookMaker,1245798114000,-600,Chris Horodecki,William Sriyapai,even,https://www.bestfightodds.com/search?query=UFC%2056%3A%20Full%20Force
Chris Horodecki,Bovada,1245960987000,-800,Chris Horodecki,William Sriyapai,even,https://www.bestfightodds.com/search?query=UFC%2056%3A%20Full%20Force
Chris Horodecki,Bovada,1246049203000,-700,Chris Horodecki,William Sriyapai,even,https://www.bestfightodds.com/search?query=UFC%2056%3A%20Full%20Force
Chris Horodecki,Bovada,1246125637000,-800,Chris Horodecki,William Sriyapai,even,https://www.bestfightodds.com/search?query=UFC%2056%3A%20Full%20Force
Chris Horodecki,Sportsbook,1245889918000,-800,Chris Horodecki,William Sriyapai,even,https://www.bestfightodds.com/search?query=UFC%2056%3A%20Full%20Force
Chris Horodecki,SportsInt.,1246040162000,-714,Chris Horodecki,William Sriyapai,even,https://www.bestfightodds.com/search?query=UFC%2056%3A%20Full%20Force
William Sriyapai,5Dimes,1245941171000,+435,Chris Horodecki,William Sriyapai,odd,https://www.bestfightodds.com/search?query=UFC%2056%3A%20Full%20Force
William Sriyapai,BookMaker,1245796304000,+400,Chris Horodecki,William Sriyapai,odd,https://www.bestfightodds.com/search?query=UFC%2056%3A%20Full%20Force
William Sriyapai,BookMaker,1245798114000,+450,Chris Horodecki,William Sriyapai,odd,https://www.bestfightodds.com/search?query=UFC%2056%3A%20Full%20Force
William Sriyapai,Bovada,1245960987000,+500,Chris Horodecki,William Sriyapai,odd,https://www.bestfightodds.com/search?query=UFC%2056%3A%20Full%20Force
William Sriyapai,Bovada,1246049203000,+475,Chris Horodecki,William Sriyapai,odd,https://www.bestfightodds.com/search?query=UFC%2056%3A%20Full%20Force
William Sriyapai,Bovada,1246125637000,+500,Chris Horodecki,William Sriyapai,odd,https://www.bestfightodds.com/search?query=UFC%2056%3A%20Full%20Force
William Sriyapai,Sportsbook,1245889918000,+500,Chris Horodecki,William Sriyapai,odd,https://www.bestfightodds.com/search?query=UFC%2056%3A%20Full%20Force
William Sriyapai,SportsInt.,1246040162000,+390,Chris Horodecki,William Sriyapai,odd,https://www.bestfightodds.com/search?query=UFC%2056%3A%20Full%20Force
Randy Hedderick,5Dimes,1245941171000,+135,Randy Hedderick,Tom Atencio,even,https://www.bestfightodds.com/search?query=UFC%2056%3A%20Full%20Force
Randy Hedderick,5Dimes,1246143690000,+125,Randy Hedderick,Tom Atencio,even,https://www.bestfightodds.com/search?query=UFC%2056%3A%20Full%20Force
Randy Hedderick,5Dimes,1246150857000,+135,Randy Hedderick,Tom Atencio,even,https://www.bestfightodds.com/search?query=UFC%2056%3A%20Full%20Force
Randy Hedderick,BookMaker,1245796304000,+130,Randy Hedderick,Tom Atencio,even,https://www.bestfightodds.com/search?query=UFC%2056%3A%20Full%20Force
Randy Hedderick,SportsInt.,1246040162000,+120,Randy Hedderick,Tom Atencio,even,https://www.bestfightodds.com/search?query=UFC%2056%3A%20Full%20Force
Tom Atencio,5Dimes,1245941171000,-165,Randy Hedderick,Tom Atencio,odd,https://www.bestfightodds.com/search?query=UFC%2056%3A%20Full%20Force
Tom Atencio,5Dimes,1246143690000,-155,Randy Hedderick,Tom Atencio,odd,https://www.bestfightodds.com/search?query=UFC%2056%3A%20Full%20Force
Tom Atencio,5Dimes,1246150857000,-165,Randy Hedderick,Tom Atencio,odd,https://www.bestfightodds.com/search?query=UFC%2056%3A%20Full%20Force
Tom Atencio,BookMaker,1245796304000,-160,Randy Hedderick,Tom Atencio,odd,https://www.bestfightodds.com/search?query=UFC%2056%3A%20Full%20Force
Tom Atencio,SportsInt.,1246040162000,-167,Randy Hedderick,Tom Atencio,odd,https://www.bestfightodds.com/search?query=UFC%2056%3A%20Full%20Force
Din Thomas,5Dimes,1245941171000,-285,Din Thomas,Javier Vazquez,even,https://www.bestfightodds.com/search?query=UFC%2056%3A%20Full%20Force
Din Thomas,5Dimes,1246147266000,-260,Din Thomas,Javier Vazquez,even,https://www.bestfightodds.com/search?query=UFC%2056%3A%20Full%20Force
Din Thomas,BookMaker,1245796304000,-240,Din Thomas,Javier Vazquez,even,https://www.bestfightodds.com/search?query=UFC%2056%3A%20Full%20Force
Din Thomas,BookMaker,1245805262000,-265,Din Thomas,Javier Vazquez,even,https://www.bestfightodds.com/search?query=UFC%2056%3A%20Full%20Force
Din Thomas,BookMaker,1245807045000,-275,Din Thomas,Javier Vazquez,even,https://www.bestfightodds.com/search?query=UFC%2056%3A%20Full%20Force
Din Thomas,BookMaker,1245808033000,-295,Din Thomas,Javier Vazquez,even,https://www.bestfightodds.com/search?query=UFC%2056%3A%20Full%20Force
Din Thomas,BookMaker,1246145458000,-280,Din Thomas,Javier Vazquez,even,https://www.bestfightodds.com/search?query=UFC%2056%3A%20Full%20Force
Din Thomas,Bovada,1245960986000,-270,Din Thomas,Javier Vazquez,even,https://www.bestfightodds.com/search?query=UFC%2056%3A%20Full%20Force
Din Thomas,Sportsbook,1245889918000,-265,Din Thomas,Javier Vazquez,even,https://www.bestfightodds.com/search?query=UFC%2056%3A%20Full%20Force
Din Thomas,SportsInt.,1246040162000,-303,Din Thomas,Javier Vazquez,even,https://www.bestfightodds.com/search?query=UFC%2056%3A%20Full%20Force
Javier Vazquez,5Dimes,1245941171000,+225,Din Thomas,Javier Vazquez,odd,https://www.bestfightodds.com/search?query=UFC%2056%3A%20Full%20Force
Javier Vazquez,5Dimes,1246147266000,+200,Din Thomas,Javier Vazquez,odd,https://www.bestfightodds.com/search?query=UFC%2056%3A%20Full%20Force
Javier Vazquez,BookMaker,1245796304000,+190,Din Thomas,Javier Vazquez,odd,https://www.bestfightodds.com/search?query=UFC%2056%3A%20Full%20Force
Javier Vazquez,BookMaker,1245805262000,+215,Din Thomas,Javier Vazquez,odd,https://www.bestfightodds.com/search?query=UFC%2056%3A%20Full%20Force
Javier Vazquez,BookMaker,1245807045000,+215,Din Thomas,Javier Vazquez,odd,https://www.bestfightodds.com/search?query=UFC%2056%3A%20Full%20Force
Javier Vazquez,BookMaker,1245808033000,+235,Din Thomas,Javier Vazquez,odd,https://www.bestfightodds.com/search?query=UFC%2056%3A%20Full%20Force
Javier Vazquez,BookMaker,1246145458000,+220,Din Thomas,Javier Vazquez,odd,https://www.bestfightodds.com/search?query=UFC%2056%3A%20Full%20Force
Javier Vazquez,Bovada,1245960986000,+210,Din Thomas,Javier Vazquez,odd,https://www.bestfightodds.com/search?query=UFC%2056%3A%20Full%20Force
Javier Vazquez,Sportsbook,1245889918000,+205,Din Thomas,Javier Vazquez,odd,https://www.bestfightodds.com/search?query=UFC%2056%3A%20Full%20Force
Javier Vazquez,SportsInt.,1246040162000,+205,Din Thomas,Javier Vazquez,odd,https://www.bestfightodds.com/search?query=UFC%2056%3A%20Full%20Force
